ID,Churn
0,0.4991908175041124
1,0.010462368074724239
2,0.33507713658950367
3,0.014768702988387429
4,0.2347064998135893
5,0.16874518370484504
6,0.1335339324708763
7,0.02991737873966027
8,0.02409980773795976
9,0.04501029201206144
10,0.2163970359822112
11,0.057132486152071435
12,0.23955293604822822
13,0.044030900315390184
14,0.1454156553915356
15,0.06606316359894947
16,0.7219416318242676
17,0.029582377250407868
18,0.24803964210014953
19,0.010802288724942781
20,0.9390083687406976
21,0.004268369728775664
22,0.022207774426927795
23,0.006822157433758718
24,0.8874508617194677
25,0.790742707064717
26,0.3709176963142397
27,0.03835227131198921
28,0.010015889176953728
29,0.4488909743816306
30,0.229705705323162
31,0.6394215091078358
32,0.7631768836890016
33,0.058003560327004364
34,0.11151516663318281
35,0.07790909653185572
36,0.19565883616791963
37,0.2471955035367464
38,0.013404823105593445
39,0.21352435564456243
40,0.7636328079596798
41,0.0022237108450781943
42,0.09878783384894323
43,0.7699169252215134
44,0.26759928207513695
45,0.0034463724971835045
46,0.3841909116274478
47,0.01308343487631524
48,0.022729434447117447
49,0.683992816417817
50,0.005845992478752125
51,0.00689696848710632
52,0.2870765929824774
53,0.541441049567255
54,0.17918097860263651
55,0.2573113681447267
56,0.00926830994645589
57,0.26589265136815515
58,0.10892788120942376
59,0.4254926133708514
60,0.26205552951823996
61,0.1666806344245178
62,0.27016615162657714
63,0.018582805528667173
64,0.48641478449933784
65,0.08725726475754443
66,0.7607538841865027
67,0.040016006812581245
68,0.5348570619757536
69,0.40204444114782595
70,0.05031685306387822
71,0.28192437124121217
72,0.01751172702583834
73,0.25977725177688776
74,0.6968236926778566
75,0.8745038529622908
76,0.4494215492994823
77,0.20778164865625443
78,0.00404804171077348
79,0.026554858224269614
80,0.3707879111219789
81,0.19356668228808582
82,0.014648475783590376
83,0.06446449428751813
84,0.028371810620758622
85,0.04452966040362139
86,0.11616858457002317
87,0.22748141941459563
88,0.7617794190786228
89,0.046626976104488
90,0.9493484890661106
91,0.004844359731991837
92,0.05535675441366784
93,0.08828767396056644
94,0.003635193751503432
95,0.006285478890402276
96,0.13612032583039077
97,0.039091909117787205
98,0.016742827028703614
99,0.33659543072002146
100,0.018575835386828787
101,0.014970961726542812
102,0.8522476424212758
103,0.016056941729329754
104,0.71460801721533
105,0.7056909787333449
106,0.13980381512815418
107,0.28284164524056654
108,0.556501357390137
109,0.6051355576541246
110,0.6645872803915281
111,0.20632928936712036
112,0.0886004921817793
113,0.7214769462984548
114,0.8983566164166504
115,0.03097512816239795
116,0.039724335277247176
117,0.49127136875707145
118,0.05960656886728784
119,0.006960072137291109
120,0.2786068714536145
121,0.06987232881928429
122,0.2351172458520465
123,0.4486142191351315
124,0.41886486286723923
125,0.63732120992804
126,0.23597832610351546
127,0.11717979132108411
128,0.901948143228735
129,0.5349904412905082
130,0.08326758334012643
131,0.022382854660984434
132,0.15179344982968196
133,0.6284498004289903
134,0.006129723355342122
135,0.0383955138747553
136,0.018168082722343052
137,0.8719128256227238
138,0.01625172392743038
139,0.12149040201031751
140,0.018975943406194528
141,0.13103406682082808
142,0.7454866089062722
143,0.0048038755145349745
144,0.027124861804036886
145,0.040533055745775835
146,0.0033607485304471287
147,0.14812203769927332
148,0.39512060519576997
149,0.290132283166982
150,0.008712119294623488
151,0.016024038069062992
152,0.04284599952662609
153,0.6886362226123097
154,0.002653043359058733
155,0.062433440587772754
156,0.04775329429497626
157,0.1807192866256328
158,0.03078914438738672
159,0.2517600277145432
160,0.019465084547272977
161,0.011089128047195605
162,0.007688542842259156
163,0.6218806303205964
164,0.553486658138711
165,0.009813036547046652
166,0.0755963637868509
167,0.0027491463901833627
168,0.47359035451072945
169,0.10382041488439242
170,0.131134596078184
171,0.14054492739324945
172,0.012287040712149325
173,0.3773624058808055
174,0.0027242687154706035
175,0.07523704352148369
176,0.21447775703219185
177,0.4421741320411613
178,0.42457833414387813
179,0.025792627864451814
180,0.10029922306256302
181,0.05601196171983113
182,0.2700869310021666
183,0.8376564312454656
184,0.7365823933450903
185,0.021961912652412516
186,0.12156932786150955
187,0.3936466539907563
188,0.38109439434025083
189,0.017272892587797024
190,0.017135135263041966
191,0.6700294023746537
192,0.6787668622669368
193,0.16933606295372
194,0.13464839602292783
195,0.5937774515221046
196,0.028431619671633827
197,0.1773579882950908
198,0.6785885152439403
199,0.15407934435728896
200,0.02939178394753124
201,0.017405273609316547
202,0.0075624962826753295
203,0.013059101900209763
204,0.00778822507638917
205,0.05018860362774274
206,0.4435761115192022
207,0.5249379128592419
208,0.8217704943722194
209,0.020938778253984672
210,0.02749648857555302
211,0.0075106504027965615
212,0.0497807786168809
213,0.49625441062094094
214,0.593239068077926
215,0.06208730528120792
216,0.500857139982266
217,0.017248377595198438
218,0.6308363933878304
219,0.016990621697975432
220,0.005480168098598882
221,0.6011544622647036
222,0.06754307174054966
223,0.012837425951425526
224,0.33788603042760834
225,0.0842386278704862
226,0.22096434405311657
227,0.015979007982846925
228,0.012943538690245797
229,0.02388105056740658
230,0.11618323439547087
231,0.09427596400216509
232,0.1251658780366147
233,0.17959130656109834
234,0.10958547810685423
235,0.2507223131887553
236,0.5544487504427298
237,0.007450606821078111
238,0.10797675754751164
239,0.00995449301979135
240,0.02003274833531731
241,0.3672526259204465
242,0.006745892396017624
243,0.003955702279420657
244,0.2537183216422617
245,0.01203209308905836
246,0.14660586633839268
247,0.07592596428903053
248,0.5954636015143829
249,0.023244236712187484
250,0.14524279766055584
251,0.2673044615747392
252,0.5761740407682655
253,0.08934257174856342
254,0.20934092254819842
255,0.04827881689157718
256,0.00492597686572083
257,0.20630062332972574
258,0.3918374785939287
259,0.13243501259085314
260,0.008816653665073771
261,0.1322527692085108
262,0.04573529825450116
263,0.9030267247827746
264,0.031158013339863094
265,0.021693682168921598
266,0.058765709255442805
267,0.2425979236224149
268,0.22404064865372256
269,0.38691495643101126
270,0.8469574762887648
271,0.039200016601857825
272,0.682428019388991
273,0.02257766351884807
274,0.0035415890838761616
275,0.7063929362614864
276,0.15256751201528335
277,0.20264245761728134
278,0.38528377203573544
279,0.6895399041403312
280,0.05128290301440319
281,0.45474523570878844
282,0.6686697881685768
283,0.30255548767677803
284,0.24256833994856197
285,0.6184977356803293
286,0.5534779305492193
287,0.014500841258851512
288,0.006088518775255765
289,0.6429693122518638
290,0.643858133100786
291,0.031206206593547715
292,0.16277575083143808
293,0.006585720705910922
294,0.06771355001004938
295,0.8963069008241543
296,0.004925430239767674
297,0.07689935166232871
298,0.026120425246390622
299,0.03020983621639963
300,0.09389116567617087
301,0.06225465888441798
302,0.004001393972304279
303,0.5868769268857614
304,0.051561610168208885
305,0.01913391628068633
306,0.15932310713563094
307,0.08176401042460414
308,0.026527715622332707
309,0.05807986389420611
310,0.01879448206671073
311,0.3992158386433634
312,0.0015036849869504679
313,0.20185941798601792
314,0.17918951489692525
315,0.014329780194821649
316,0.21424269964961537
317,0.004179472903208375
318,0.11957359383092522
319,0.7922443453493476
320,0.45350604892926294
321,0.0023641794800803645
322,0.10730661607892249
323,0.045254908287681736
324,0.01595774348259117
325,0.013750319412552985
326,0.0285302583185354
327,0.003980183716103588
328,0.7230089849955288
329,0.25289723172168904
330,0.02695670823347734
331,0.06605145603773117
332,0.7253735881945468
333,0.7360578336219756
334,0.1061486087939228
335,0.17758287926035995
336,0.32715848997898667
337,0.16482503442459392
338,0.009853661172753022
339,0.7566017426336621
340,0.022563045715125893
341,0.3526678445477735
342,0.01400378050442953
343,0.5842701997545754
344,0.021783886328459356
345,0.018148016689497212
346,0.44168119776381815
347,0.6080358817103079
348,0.0247543319419017
349,0.68715672735061
350,0.3429730475651033
351,0.9483581249404162
352,0.0041430371151501095
353,0.2611126101141503
354,0.14211230918349405
355,0.08264172140885459
356,0.5773966136468955
357,0.0037775764750516893
358,0.020391367106472366
359,0.0661018675669642
360,0.6324803451975328
361,0.02967872369318404
362,0.03638329654213096
363,0.3976276376183157
364,0.018640076258047786
365,0.004113619209162685
366,0.004902913790807387
367,0.6691455635602781
368,0.20756867191362013
369,0.819628328058538
370,0.030193335661020653
371,0.025997228044558868
372,0.01634052921316871
373,0.01105808117931121
374,0.06841087096793456
375,0.13516599946407512
376,0.03390329477185683
377,0.7571902857131434
378,0.08690222504124771
379,0.009912337731685802
380,0.2788991957195601
381,0.007148346130287213
382,0.3203512811303074
383,0.008210880461357019
384,0.049860167054199
385,0.1268909636207631
386,0.007554168651172345
387,0.02411876514676633
388,0.2916008804981465
389,0.1339107101456904
390,0.008183400094013875
391,0.7346585885057128
392,0.6940244256679852
393,0.24685772491611613
394,0.029963244594092622
395,0.01148677704680125
396,0.07281891614237015
397,0.006284219829934655
398,0.016399123326097602
399,0.16130519029587687
400,0.022226555604283296
401,0.028580300246122632
402,0.010757117530852525
403,0.46337317618701235
404,0.44853438015949787
405,0.06711858049113943
406,0.7784018635386835
407,0.055821389725039874
408,0.1849496752777035
409,0.3092667074969589
410,0.8893126548331909
411,0.40561527446717466
412,0.2922011807686674
413,0.9562077722399019
414,0.5607520373885334
415,0.015651236181486842
416,0.00374899571058215
417,0.0666247704345745
418,0.2877449889730613
419,0.7737133952254439
420,0.016168540898831105
421,0.056734184408542186
422,0.07607831047693503
423,0.006246459915514148
424,0.18421874492079382
425,0.6355889422249433
426,0.005128867927483754
427,0.2756687271711323
428,0.002485829270366967
429,0.43509114255897546
430,0.11595569396009243
431,0.7188036805292307
432,0.028460575695064813
433,0.5095555358603041
434,0.7566396975857691
435,0.6844552185919409
436,0.5569071364925305
437,0.019088527335905926
438,0.12240768418458264
439,0.050901848037921825
440,0.15030139520261213
441,0.07403513528515046
442,0.7188310722422664
443,0.018840936312765583
444,0.002997815225415992
445,0.12380451284150203
446,0.9483858609815831
447,0.09612008038761291
448,0.3405491096270607
449,0.49739884340751134
450,0.04417280864904825
451,0.3638755530476104
452,0.4172968320569034
453,0.4172516210242975
454,0.48339081664512357
455,0.06641571113239784
456,0.004525474851517134
457,0.7646652104456667
458,0.007647650224982832
459,0.4263314561658306
460,0.698622651839574
461,0.687368503551437
462,0.02368408406597878
463,0.1497361093738949
464,0.12528593150738754
465,0.03739921289976946
466,0.004169396559542369
467,0.0038932406905388076
468,0.10197332136043012
469,0.0632515191170267
470,0.17116894431563154
471,0.011948890536183103
472,0.8758666772639329
473,0.12710611837152588
474,0.5276046225893376
475,0.2396603473987713
476,0.007958972664757688
477,0.17027763886735753
478,0.18877444875158367
479,0.17505975879614785
480,0.20317303125377678
481,0.0016348069968719254
482,0.5648531590381131
483,0.017287249375079784
484,0.8760044739894339
485,0.5402152834793099
486,0.017677223136037746
487,0.6309409339746335
488,0.045197797247218514
489,0.6103466261703852
490,0.011898025284573052
491,0.008142414700070915
492,0.331075291624384
493,0.39530394648899575
494,0.7498887041133604
495,0.16526766220136843
496,0.7609715727876428
497,0.48665789068627385
498,0.4724938549747004
499,0.027773889758096103
500,0.8160132662371514
501,0.6490643784007271
502,0.0037269968518786247
503,0.3609954104996706
504,0.21610078669351238
505,0.17557451359843232
506,0.4429886975690423
507,0.007524141397124733
508,0.18383180887778983
509,0.00848179848461091
510,0.03399085989881713
511,0.06323124862059837
512,0.007827952183266733
513,0.09257227021070386
514,0.08684950873641904
515,0.011226798097014892
516,0.7200705846323899
517,0.01379001623442437
518,0.006600005853828215
519,0.4212170142580857
520,0.8095603128542342
521,0.02509453354382966
522,0.19227803960673304
523,0.1709149853840055
524,0.01459696833982186
525,0.2528319710161382
526,0.8360215671367217
527,0.04441331742521021
528,0.050873026287937044
529,0.21425998031280424
530,0.5858169322581077
531,0.10568405064137064
532,0.24935116535881446
533,0.10640523719592655
534,0.25621026510875217
535,0.4748174851134367
536,0.008139004462678777
537,0.03386526538304991
538,0.008314394123853082
539,0.8991437258011094
540,0.3384218666707677
541,0.22668422933850496
542,0.11271918207707218
543,0.6015744927512364
544,0.038161127682406135
545,0.209693110660635
546,0.052520660041244754
547,0.04940649197625502
548,0.8279977013821943
549,0.9138736530884892
550,0.03584259839375264
551,0.26045492065040005
552,0.030609454017209627
553,0.34792368334944185
554,0.241530152298719
555,0.5696395553750133
556,0.33714269007371006
557,0.07304818367163618
558,0.03590396556275082
559,0.32859651084173686
560,0.011487220459247875
561,0.15061359745228217
562,0.3856856208119487
563,0.19282947967643493
564,0.637924743181878
565,0.09859359829458302
566,0.058592783720189626
567,0.011196221273973848
568,0.06891649204965415
569,0.08789171593562821
570,0.046442756473479896
571,0.0382563159027507
572,0.3078160646595993
573,0.014962386041824299
574,0.005097956075772027
575,0.041934281574409024
576,0.5857421317001734
577,0.027561030582251827
578,0.02098593136020346
579,0.034036520796872714
580,0.014168315736649813
581,0.4117347282770542
582,0.036269996967410865
583,0.43747698014558856
584,0.55473967850224
585,0.18416765401078694
586,0.44011621495561326
587,0.012149032890330933
588,0.008436759530017966
589,0.9346260076815031
590,0.01950261782004535
591,0.26799999738567903
592,0.008622107518596347
593,0.23291736691602227
594,0.48750243911501584
595,0.23276763887444324
596,0.7886563133432141
597,0.019513470860220563
598,0.5563808671813474
599,0.021898027376702576
600,0.3987652846759788
601,0.0224311285027455
602,0.23950906349299506
603,0.03996614885234198
604,0.07976214763226548
605,0.016084847899808703
606,0.020593268084618258
607,0.6561833535638892
608,0.7258957863892274
609,0.06760928814975849
610,0.005783369819334596
611,0.43979649282713057
612,0.07959929794047335
613,0.06784741742303034
614,0.040798814545434436
615,0.635895989977621
616,0.42534765382731776
617,0.695424323983837
618,0.5368038155416341
619,0.13274214621538083
620,0.0075993957496977085
621,0.06432474528747946
622,0.029891503698641332
623,0.020241521568128907
624,0.5884875066097847
625,0.44171827093004484
626,0.10008228409875877
627,0.5746015807331379
628,0.8889208734740778
629,0.7173799840298177
630,0.01922454033803082
631,0.10908187006986969
632,0.733130981881909
633,0.02597278864604354
634,0.6889033822092371
635,0.08082246295785729
636,0.25668779907293754
637,0.4651177855895532
638,0.1560539862966701
639,0.009224250588548418
640,0.37643918037900936
641,0.38880051648069597
642,0.7084684361542946
643,0.011236734586046005
644,0.1482579538897471
645,0.1579206985398858
646,0.0017100970501254234
647,0.0014330475706227494
648,0.3349164589303807
649,0.21059197546797864
650,0.23341742878703103
651,0.04329814135235622
652,0.01132049111322269
653,0.3610012147657233
654,0.8746770245965385
655,0.002723630784605462
656,0.6873355664827043
657,0.004709877385831079
658,0.9360989980040804
659,0.23798176607644933
660,0.7135182172780815
661,0.030334995791713643
662,0.03554628312068352
663,0.7960712424057608
664,0.3543212998170213
665,0.4755111930441745
666,0.033374399169918724
667,0.1998245157462721
668,0.00606256628230283
669,0.17747187749555593
670,0.5706648500533722
671,0.779575526046297
672,0.00515036911754966
673,0.3700886192536884
674,0.11242527707092186
675,0.2957130409949953
676,0.009763556311507937
677,0.8758542348645073
678,0.08440374815651827
679,0.851045564764429
680,0.3231871651651534
681,0.5846248516928534
682,0.03120969671729117
683,0.003184779092097435
684,0.4026379043349129
685,0.030291017521566755
686,0.026167965857712566
687,0.11300202587510177
688,0.01853036567703456
689,0.08514376561836916
690,0.3616316914382701
691,0.46538250207467663
692,0.6867152981394032
693,0.010354659608601723
694,0.6237650690191159
695,0.041077969660176
696,0.027886964541813632
697,0.6079737925628876
698,0.5497708237365372
699,0.023424447950722
700,0.05237303800138865
701,0.18375793021096049
702,0.5631273201005755
703,0.3849136473978956
704,0.07822573182635513
705,0.006782056027247667
706,0.7433190093478246
707,0.0347760365598067
708,0.12792959003925425
709,0.22598607469024
710,0.02533394176636287
711,0.16031437744206609
712,0.010738237826952409
713,0.46485504236449554
714,0.4305994621447738
715,0.23148130859201005
716,0.1570478064506501
717,0.929707058514277
718,0.007374348846024268
719,0.01130310850231811
720,0.5512018027067244
721,0.03207953281237359
722,0.6824599860923534
723,0.0557255464926785
724,0.9171650253938629
725,0.588847388851069
726,0.09197508636713948
727,0.03304885479037418
728,0.19320525235190525
729,0.177262436501031
730,0.8379470470223597
731,0.35000142181318844
732,0.03542849296448491
733,0.003339608714362284
734,0.45938618011322874
735,0.23558246429858032
736,0.21097737442782302
737,0.23050898174171472
738,0.01575128187394608
739,0.004315396097388259
740,0.44671698155462713
741,0.19538411227790767
742,0.009973907324956717
743,0.11428048962870076
744,0.08189370651334808
745,0.9356226620145103
746,0.009027304415358837
747,0.005197760991125592
748,0.896995231282578
749,0.4578709459843775
750,0.6776211440998072
751,0.3479602496569023
752,0.35724175166137784
753,0.334356777622554
754,0.027787756533202312
755,0.5764201939796704
756,0.01406919293253176
757,0.11752348022978691
758,0.06520098142521676
759,0.05214367564033688
760,0.10123773074486081
761,0.14860415879904287
762,0.023008769232571558
763,0.041693198643887305
764,0.30236029435389555
765,0.06762242425489942
766,0.05980610856436168
767,0.465956970744781
768,0.176475252858694
769,0.02706221203177187
770,0.006050622570218354
771,0.8098783498326174
772,0.2395229196731673
773,0.010656560844948228
774,0.04373416398599023
775,0.5919704002015224
776,0.08483405652714857
777,0.6304831652778171
778,0.7815521848206595
779,0.49482960263653586
780,0.23597130665921293
781,0.013583817651915329
782,0.006478956127227939
783,0.7823954809594629
784,0.034810444056835324
785,0.16137522281355782
786,0.08901971933939312
787,0.051928350240141974
788,0.29376373872244665
789,0.002154556901952948
790,0.09485945636256206
791,0.275131823809832
792,0.4897521235230412
793,0.4388483237630827
794,0.09148701122444756
795,0.006589410937494736
796,0.5545933610471363
797,0.49511789331586636
798,0.012684058070065589
799,0.27899527155772225
800,0.14312487100777974
801,0.01077490833073157
802,0.04741601774661698
803,0.6747340921837113
804,0.5703855544717751
805,0.5450184179822237
806,0.04100155182921517
807,0.09015648288431054
808,0.2764527868246607
809,0.04602280524381848
810,0.48374546425132636
811,0.7551706245763034
812,0.6030390670410334
813,0.09141542511964146
814,0.315691416115794
815,0.2646111611621622
816,0.03161558566623743
817,0.06686533674217034
818,0.0968061292615208
819,0.025985770780177355
820,0.11298996015214116
821,0.047307464372436145
822,0.0053069957164861535
823,0.036778039470272014
824,0.021824164988908577
825,0.012733125990083522
826,0.009914741317331013
827,0.06590617475817134
828,0.1109915206071119
829,0.05167297671459112
830,0.34222396237870156
831,0.17013710749145483
832,0.6033579173976343
833,0.19555631800073517
834,0.8085976364714188
835,0.024847982223419364
836,0.02424991552711748
837,0.013087329418628516
838,0.22781779153728723
839,0.058957468896882595
840,0.29600868400235414
841,0.07118870033920363
842,0.06021708218950265
843,0.086266065265993
844,0.08583824657016031
845,0.11064481024436441
846,0.14960967100513
847,0.1661719750183737
848,0.07885613426442499
849,0.00844081140175496
850,0.27464220563091957
851,0.00950640408041745
852,0.34843279911329034
853,0.17518290353326962
854,0.0097789600870258
855,0.06269617501015977
856,0.031107197721624052
857,0.6910183809780885
858,0.48108052079723207
859,0.012151804540923078
860,0.826963778207725
861,0.03729026177648021
862,0.6200576786718436
863,0.531944195527412
864,0.026075252162271564
865,0.38054531762095956
866,0.19423792577939455
867,0.6194553363986308
868,0.014128346501283388
869,0.6982861438895756
870,0.6762442446880031
871,0.015887490536473002
872,0.6769026178797563
873,0.0070399474810566515
874,0.6157486650672278
875,0.7222940511842483
876,0.006598254959034086
877,0.4129858357327501
878,0.03892239451552458
879,0.5118922152782269
880,0.023832259896264026
881,0.07325967977029137
882,0.02836240996561718
883,0.2366789580303132
884,0.06789230561992872
885,0.027089066013307676
886,0.16381696199343412
887,0.5063057373379111
888,0.33679847086194614
889,0.29674996401150083
890,0.012844111621579357
891,0.0017113651305417604
892,0.3670122129784028
893,0.04232604188329806
894,0.4343207722247843
895,0.05844461560934944
896,0.25035771462531003
897,0.7119217260496155
898,0.005527662317176683
899,0.0921709287715101
900,0.7230072758119354
901,0.07459490604339127
902,0.6092640022427936
903,0.031976183919892986
904,0.33720957975422045
905,0.08415798532446819
906,0.0132361808508532
907,0.03475987342141683
908,0.003937549756882866
909,0.730541710901309
910,0.7920025062608332
911,0.00435460781681115
912,0.0978726378075795
913,0.009401609264083989
914,0.3444463493787448
915,0.0087921485118967
916,0.15792526825478764
917,0.21824429429755093
918,0.18484889928233966
919,0.08395051508177671
920,0.18629971659303424
921,0.07236985331152522
922,0.08198018987201723
923,0.09955221030691637
924,0.15113009934479155
925,0.1752001304532806
926,0.13787208169281762
927,0.9311774813889578
928,0.04881025341409906
929,0.21266751484193028
930,0.2608704752688562
931,0.5205770285922997
932,0.010658214266939723
933,0.32436262670206173
934,0.021994676641859986
935,0.7805609671436503
936,0.15854559405576885
937,0.0054769624883579966
938,0.17539194816461567
939,0.31804902310643707
940,0.3481307877728806
941,0.17374643935862988
942,0.0708307857673693
943,0.14937126308462914
944,0.09592896258186434
945,0.3780313428109681
946,0.04772322313743338
947,0.6890479777337626
948,0.9429298042275954
949,0.2010852324016492
950,0.18369513357964526
951,0.19741788797168416
952,0.025262886638224794
953,0.054953936832715156
954,0.8616925385831669
955,0.2876404974899886
956,0.006463657264842739
957,0.07408289349866863
958,0.01548248111119236
959,0.03805967952642699
960,0.020529056322867435
961,0.1605078334143153
962,0.6239739417315128
963,0.4780631906436528
964,0.7301594028602924
965,0.47382581620437164
966,0.29703135465608516
967,0.45345673158340927
968,0.04782160280247474
969,0.06983374303072858
970,0.744321904852865
971,0.005957988617914244
972,0.7236154586744298
973,0.8332101574428447
974,0.017195778663437432
975,0.26555270235588413
976,0.5448997091099619
977,0.3702132577584771
978,0.18305049865879966
979,0.8619961071350277
980,0.1916682413856496
981,0.39243697064638705
982,0.03801583653776772
983,0.007723579650117724
984,0.018155142098449106
985,0.16114442393383835
986,0.10399947487450287
987,0.012642245424123769
988,0.16840298008549148
989,0.016440425433854895
990,0.15613719233124124
991,0.14927187611493878
992,0.11697476456739407
993,0.6771635072676512
994,0.03962166029132826
995,0.03180584632000865
996,0.4484313687847973
997,0.2963587984924347
998,0.017478225609442614
999,0.0031074057342138487
1000,0.13316982834290259
1001,0.40352905662837724
1002,0.05284899402537821
1003,0.5258229655233152
1004,0.02678739934065508
1005,0.007807406747281702
1006,0.0320316946045698
1007,0.006749890789126611
1008,0.16589588421131943
1009,0.006227824491167242
1010,0.021469384899595947
1011,0.00923048346357698
1012,0.5850312959781169
1013,0.13956920844365206
1014,0.5608955507301042
1015,0.04060249094447437
1016,0.5327078956519998
1017,0.5348816432485459
1018,0.39228953362344005
1019,0.4866805579269675
1020,0.026477436111605343
1021,0.18448285721205285
1022,0.021378854367755957
1023,0.034858904596830456
1024,0.017688314780235283
1025,0.0465756514139874
1026,0.2502956412007405
1027,0.004069604904387084
1028,0.15714129314407393
1029,0.028832687992978216
1030,0.01252259859837034
1031,0.02980147096129729
1032,0.15973482513122378
1033,0.020127296544096403
1034,0.2669592886650094
1035,0.24059753081071183
1036,0.05445194398998894
1037,0.6319699115913266
1038,0.03734342093671757
1039,0.1609028221184485
1040,0.005626928037856763
1041,0.009071318931979789
1042,0.0845963799494511
1043,0.036371751022017985
1044,0.4162606836541959
1045,0.005722874993745484
1046,0.1039744524576465
1047,0.15658247875818937
1048,0.009370443603267404
1049,0.5159479429982804
1050,0.14865987908041964
1051,0.7454828066058217
1052,0.19397922641480916
1053,0.8934079746320435
1054,0.010693199848694414
1055,0.12493201049599198
1056,0.6981292873651723
1057,0.0057169906046730685
1058,0.020134325758155974
1059,0.014739922670623037
1060,0.2917083783772255
1061,0.11879916045387168
1062,0.4861477381588527
1063,0.1907882520289163
1064,0.183777253517553
1065,0.015985613550326686
1066,0.528386124209197
1067,0.715931848054018
1068,0.048068019286220336
1069,0.005411625672670184
1070,0.14318448559778746
1071,0.4087310783177255
1072,0.01206821204664827
1073,0.026898810942917805
1074,0.024591907341944927
1075,0.09077080575682889
1076,0.013801302425732635
1077,0.026898622185375656
1078,0.019700227449351796
1079,0.043888043742688634
1080,0.6118324624622806
1081,0.004744548111590771
1082,0.06872448999886012
1083,0.06297932398330436
1084,0.16688688475152352
1085,0.20500265748825322
1086,0.6081722574828682
1087,0.25840503141070975
1088,0.40696930450886204
1089,0.3758346834417381
1090,0.09585465164057722
1091,0.01659037049785295
1092,0.7559995244307309
1093,0.5656204399187319
1094,0.12875949740849255
1095,0.004310906623673524
1096,0.2511654951858721
1097,0.06402055069856877
1098,0.21948996663654113
1099,0.03744034961092969
1100,0.031102570954761686
1101,0.004298972004726883
1102,0.2099527235344131
1103,0.8235119317359163
1104,0.012779220955646684
1105,0.24840762158938534
1106,0.34823522988135447
1107,0.5000522648865046
1108,0.5034085666962423
1109,0.050080149855666015
1110,0.7709637284766785
1111,0.36335471100418176
1112,0.10321153592067814
1113,0.7677380216433386
1114,0.3499886037541192
1115,0.012363337928208856
1116,0.7247876018634499
1117,0.014788117291287423
1118,0.4644293248059835
1119,0.705037063030146
1120,0.02945733157071104
1121,0.015772970818067444
1122,0.3759778047563278
1123,0.035653684953406914
1124,0.2469775721320087
1125,0.2959137087246792
1126,0.44393865517198916
1127,0.043545882726560015
1128,0.13621253857042728
1129,0.010317921593652479
1130,0.026495948852185293
1131,0.18684643000458104
1132,0.15834339551024978
1133,0.6248288608739705
1134,0.014159299103368748
1135,0.3568266128905212
1136,0.07371152463282116
1137,0.056590189192945214
1138,0.021581463507158546
1139,0.5132775590023027
1140,0.45557244668395735
1141,0.783017236790301
1142,0.36809779608383136
1143,0.45582578752927333
1144,0.6954442401888602
1145,0.14873284970523404
1146,0.06899630707616931
1147,0.008584659109310756
1148,0.0410628157267191
1149,0.026358543522196024
1150,0.04305300606817927
1151,0.007683603035496213
1152,0.09815049384066897
1153,0.01435520754640737
1154,0.03398605363231657
1155,0.5945544410743782
1156,0.569372758523183
1157,0.21336458455553864
1158,0.11112998569155293
1159,0.18741250729819017
1160,0.4078858096659843
1161,0.5073555562523204
1162,0.19088029346642982
1163,0.008995426133833948
1164,0.004732084227005384
1165,0.1074580568066411
1166,0.34898871471970044
1167,0.0019448021730918157
1168,0.5748394938322977
1169,0.006082246038532338
1170,0.0469605023870022
1171,0.43690674270211133
1172,0.20350317470839566
1173,0.7483479469900851
1174,0.45485263580307644
1175,0.4853609820275109
1176,0.4734739772424796
1177,0.5548194759386651
1178,0.11803883701195875
1179,0.09402542697138697
1180,0.047538599582134605
1181,0.525326353034821
1182,0.4360641362434236
1183,0.7062573409686089
1184,0.08004601831786937
1185,0.10666048212424763
1186,0.08819632793789381
1187,0.4305096388840397
1188,0.35727620424641704
1189,0.787635531704168
1190,0.05065667194142483
1191,0.023079876270341308
1192,0.06395297051982081
1193,0.06926605062229452
1194,0.5120772048205922
1195,0.0109644571235222
1196,0.3654921794132765
1197,0.20170449130386345
1198,0.051930162780734215
1199,0.14454602601085886
1200,0.036073088484488224
1201,0.1644066407256226
1202,0.13051549263217788
1203,0.5398128284763335
1204,0.04234152018717804
1205,0.00832025690379412
1206,0.04189943507147327
1207,0.10161799996744877
1208,0.9137388139909105
1209,0.12800633779273593
1210,0.43690309857245296
1211,0.009315080417459357
1212,0.47760217944796307
1213,0.011501886415033238
1214,0.04357105559509077
1215,0.12248328522835175
1216,0.8270352832692115
1217,0.20271944202107156
1218,0.5031131817125295
1219,0.1024269071831638
1220,0.9002958409091935
1221,0.32030931028292126
1222,0.014662134694388526
1223,0.13046917317372822
1224,0.060639005124000916
1225,0.01656998752162415
1226,0.591683509155
1227,0.004018458944289098
1228,0.03343709375847259
1229,0.007916575444073344
1230,0.3545943518012968
1231,0.16231156114895082
1232,0.40110827675193356
1233,0.33133431318816653
1234,0.8310897052282868
1235,0.4611075244412616
1236,0.8050009285992741
1237,0.04115496252411871
1238,0.3049893458582413
1239,0.33800460841938557
1240,0.38622007113779133
1241,0.009878535552028838
1242,0.5645665695487317
1243,0.8222578359574843
1244,0.03750254250731499
1245,0.05486422336709315
1246,0.0836349863398396
1247,0.033283197072155074
1248,0.545325169605763
1249,0.5705090541749143
1250,0.24078241399274822
1251,0.01353654184429385
1252,0.02409487429483013
1253,0.00718487764420162
1254,0.02526071274875621
1255,0.43501738993666533
1256,0.542892138845089
1257,0.5295733516747152
1258,0.07612299807952291
1259,0.8398957824395437
1260,0.9113317954790752
1261,0.39542191850941255
1262,0.01579340169358739
1263,0.6669280743842224
1264,0.009202065362818182
1265,0.02329372705399507
1266,0.6622426950108491
1267,0.013212135532432383
1268,0.01757204347330653
1269,0.6214996094107612
1270,0.221819284525424
1271,0.014508733241110327
1272,0.0052333140418657186
1273,0.5806253453153934
1274,0.7445444227157041
1275,0.49015760411065445
1276,0.09645462191332285
1277,0.0018165132144862864
1278,0.6686975285006679
1279,0.27515948680319535
1280,0.13858177272934166
1281,0.2364665907422832
1282,0.012625794638163868
1283,0.30414819226744716
1284,0.5280691134885661
1285,0.906392787490005
1286,0.16276952215039459
1287,0.3206650188937907
1288,0.6167076491214083
1289,0.10985275627426633
1290,0.14622052029990282
1291,0.2722984934104118
1292,0.03317742795427229
1293,0.9225515147484342
1294,0.12273841528328279
1295,0.415559877436462
1296,0.08842073330237643
1297,0.7906766981762336
1298,0.34909270294539446
1299,0.025401205732493853
1300,0.8130389178875288
1301,0.006008617682672288
1302,0.7519510825269645
1303,0.008344185016117887
1304,0.027609557624582535
1305,0.3165594982503287
1306,0.012803785594405846
1307,0.21783654937534572
1308,0.6605051795098538
1309,0.031008002412619796
1310,0.10293401858230018
1311,0.05838188533728887
1312,0.003969187439290734
1313,0.5843314314630679
1314,0.16047200651690954
1315,0.03533269057176973
1316,0.40665712735514525
1317,0.020400977097183585
1318,0.832691605501286
1319,0.24117080235031282
1320,0.04392468894272714
1321,0.2614414409755076
1322,0.0216335190456441
1323,0.017542502954568714
1324,0.5377301592217372
1325,0.13755162131053794
1326,0.5676779867610322
1327,0.5136625973807821
1328,0.5112247547065081
1329,0.6680275263379017
1330,0.03885257889166652
1331,0.36258906286950376
1332,0.1723659174177937
1333,0.0290543448050376
1334,0.07359124938480402
1335,0.4468675162123874
1336,0.8349147157323604
1337,0.0031265028088389444
1338,0.0011352354064886245
1339,0.8290904181490967
1340,0.04090005482008546
1341,0.24319212413360658
1342,0.09047545937706687
1343,0.002565691442980082
1344,0.1426678715141294
1345,0.659360591678367
1346,0.00832120666080331
1347,0.6132606272880041
1348,0.004732551656829238
1349,0.628982969390857
1350,0.7990573426035454
1351,0.2233706892080242
1352,0.006009894245323464
1353,0.172338199436553
1354,0.03056176895016202
1355,0.8640689476628014
1356,0.21763336677382986
1357,0.018399146293152868
1358,0.8292388137304512
1359,0.45699816246358704
1360,0.07462907490549008
1361,0.32336593393771756
1362,0.6594664706650567
1363,0.8737058078969274
1364,0.36544907832077544
1365,0.038239269697169065
1366,0.7208592042448195
1367,0.03102318998786193
1368,0.3849357506672532
1369,0.6108773316469999
1370,0.07527687398075011
1371,0.05500916396860227
1372,0.06051028398995602
1373,0.19533398729901064
1374,0.6178757440784726
1375,0.264913252191449
1376,0.39637454961887086
1377,0.030769579981967825
1378,0.3535709877306912
1379,0.08557695094820249
1380,0.004923504212639239
1381,0.37626488299654814
1382,0.0347127007794863
1383,0.3469578843152006
1384,0.6567307837745728
1385,0.021432169552908033
1386,0.3588636689349221
1387,0.8266645749257395
1388,0.2242810933874294
1389,0.210498382395681
1390,0.4204615876579108
1391,0.04015169365694175
1392,0.013506408242094222
1393,0.11764155758673568
1394,0.009036565957999572
1395,0.005581178591167556
1396,0.32986023751986754
1397,0.08611554447582982
1398,0.22852017443582853
1399,0.2554191829085688
1400,0.028529029190910143
1401,0.27185898195452823
1402,0.017615868319605002
1403,0.8287921446373113
1404,0.21658784845821397
1405,0.03557592588148892
1406,0.6409666784150929
1407,0.41289434719180285
1408,0.3022684020134037
1409,0.016375246357462545
1410,0.010407381810752474
1411,0.2368240520793553
1412,0.07296385138324375
1413,0.07963100739350072
1414,0.10549081550354612
1415,0.011650869930307305
1416,0.17273095701302837
1417,0.004789802366376598
1418,0.6656480990107044
1419,0.06172333005625491
1420,0.08161292754162378
1421,0.02257532909400006
1422,0.5244679958866261
1423,0.10997690843404884
1424,0.13958524816036788
1425,0.005578777586438461
1426,0.5247176515247045
1427,0.14611839912329633
1428,0.04706422225091997
1429,0.16109809332893202
1430,0.6968563334073038
1431,0.06473184275385081
1432,0.0355728866824227
1433,0.017928982728301148
1434,0.06284779542191246
1435,0.003922305763434719
1436,0.2078694704408407
1437,0.7537615023693075
1438,0.347854243183852
1439,0.24219547655160886
1440,0.5136979489688608
1441,0.18008444888062217
1442,0.03769643796764141
1443,0.005318913232131749
1444,0.11454579987118406
1445,0.08124247800504485
1446,0.08751973069169501
1447,0.7329888386820865
1448,0.2686362482485717
1449,0.08078815386797121
1450,0.5312350934332054
1451,0.0853616242763065
1452,0.10662114016832537
1453,0.00838417351846253
1454,0.10920799985390257
1455,0.07665685778430985
1456,0.4981586675385831
1457,0.8452461758079672
1458,0.1565897624381415
1459,0.5656151350943605
1460,0.008525263630675546
1461,0.300978971476278
1462,0.24400847287077557
1463,0.2143222074892958
1464,0.45994803078493707
1465,0.07081555607842815
1466,0.003750844033709038
1467,0.7291742572017904
1468,0.045153067777656236
1469,0.3260289395429571
1470,0.00587671292627672
1471,0.07480285059718896
1472,0.6362252192527172
1473,0.03050612167356463
1474,0.02222510074510133
1475,0.3448901585082869
1476,0.008584087706404054
1477,0.6132337171959633
1478,0.04439415445325739
1479,0.030016560592836403
1480,0.45065512682470565
1481,0.09515778465659712
1482,0.03466413045153843
1483,0.004479774597965622
1484,0.03302050666014296
1485,0.03998733320866839
1486,0.004816829505842255
1487,0.047900306803272466
1488,0.13720030810240771
1489,0.05037694528999615
1490,0.14439301027868534
1491,0.013335664896400106
1492,0.02741642608976763
1493,0.9213469154661138
1494,0.02529123864532187
1495,0.07824701998483165
1496,0.3465153119462658
1497,0.08336398201288754
1498,0.5864163649451809
1499,0.016563315390277805
1500,0.05297158236405196
1501,0.8220943460390131
1502,0.009441043384122301
1503,0.02179919120280176
1504,0.1014112398185495
1505,0.013294578878899123
1506,0.40656218304286346
1507,0.06475252828770486
1508,0.3121232420562065
1509,0.004161049646968555
1510,0.06580362287287565
1511,0.3814520940162805
1512,0.017446025847209338
1513,0.6583852193139611
1514,0.011566884447425796
1515,0.8973277584927423
1516,0.013603494785997318
1517,0.007325318057830563
1518,0.489468724888016
1519,0.689657657177046
1520,0.004199695770405385
1521,0.2711294750987125
1522,0.25915267022844907
1523,0.11483249140175734
1524,0.05735313897072688
1525,0.002122243130324411
1526,0.04521196776004158
1527,0.03733692311732514
1528,0.03292168611219524
1529,0.08821659011027023
1530,0.3140486574027303
1531,0.6929686706676866
1532,0.040157090427596236
1533,0.17840541111581806
1534,0.8334231740013168
1535,0.5535370511218388
1536,0.08292104444644183
1537,0.016593997376812768
1538,0.0452582276931622
1539,0.41025312275752235
1540,0.6728686680053242
1541,0.0040146054401713396
1542,0.37891572360574544
1543,0.0377664391863058
1544,0.6155880296859002
1545,0.019401134477075775
1546,0.028679516087510935
1547,0.05439730831438015
1548,0.1343986444933662
1549,0.008409067712372672
1550,0.0386005623980605
1551,0.06976145974691224
1552,0.007901420655896534
1553,0.05432805882513954
1554,0.36855843578826486
1555,0.010113597127732963
1556,0.3655363976966207
1557,0.012055497682693102
1558,0.034566821875547216
1559,0.5324622959488837
1560,0.42442830376004764
1561,0.2695956761308292
1562,0.10717061679905093
1563,0.14102123832267316
1564,0.4759458559240826
1565,0.970513248327442
1566,0.4851576083454527
1567,0.021328756919623056
1568,0.9191390159631387
1569,0.016702937296657516
1570,0.009349220509393468
1571,0.13514326089971382
1572,0.3789332162350743
1573,0.007161533878006638
1574,0.012954848290042616
1575,0.07060373384608307
1576,0.0349376151511447
1577,0.2651615094821247
1578,0.07067038789885581
1579,0.7782217999536816
1580,0.006868820722400169
1581,0.06396014529133157
1582,0.4019400686822258
1583,0.1544089011703319
1584,0.6559414135405962
